{"buy_in_price": [28028.32, 28029.99, 28030.28, 28030.97, 28031.28, 28032.4, 28032.58, 25573.42, 25576.31, 25582.26, 25582.59], "sell_out_price": [28030.0, 28030.22, 28030.79, 28031.2, 28031.84, 28032.58, 25576.32, 25581.04, 25582.59], "buy_in_value": [], "sell_out_value": [], "profit_pct": [0.005993937560297196, 0.000820549704083246, 0.0018194609543751873, 0.0008205210165740373, 0.001997768207521418, 0.0006421141250848697, 0.01133989900451897, 0.01849367637473726, 0.0012899563994805238], "profit_value": [1.680000000000291, 0.22999999999956344, 0.5100000000020373, 0.22999999999956344, 0.5600000000013097, 0.18000000000029104, 2.900000000001455, 4.729999999999563, 0.33000000000174623]}